,game,game_id
0,Rise: Battle Lines ,386350
1,Go! Go! Nippon! ~My First Trip to Japan~ ,251870
2,Save 30% on Stage of Development: Indie City ,591480
3,Soviet Monsters: Ekranoplans ,372160
4,Toricky ,477720
5,Age of Empires II HD ,221380
6,RiME ,493200
7,DRAGON BALL XENOVERSE 2 ,454650
8,Mind Unleashed ,450740
9,PULSAR: Lost Colony ,252870
10,AltspaceVRThe Social VR App ,407060
11,FORTIFY ,505040
12,Runbow ,464650
13,Labyrinth ,412310
14,Torch Cave ,501690
15,Sleengster ,559500
16,Rage Parking Simulator 2016 ,449630
17,Squad ,393380
18,Pixvana SPIN Technology Preview ,534690
19,Torch Cave 2 ,533710
20,Skull Rush ,587210
21,Fur Fun ,589370
22,High Fidelity ,390540
23,Urban Pirate: The 8-bit Soundtrack ,523910
24,Syndrome ,409320
25,Clash Cup Turbo ,393280
26,Red Crucible: Firestorm ,298240
27,Mutant Fighting Cup 2 ,561450
28,Grappledrome ,242610
29,Constellation Distantia ,570150
30,Oxygen Not Included ,457140
31,Fernbus Simulator ,427100
32,Thunderbird: The Legend Begins ,355460
33,Rogalia ,528460
34,Cossacks 3 ,333420
35,FEMINAZI: The Triggering ,585550
36,Ashes of the Singularity: Escalation ,507490
37,Super Dungeon Bros ,306000
38,Rust ,252490
39,Save 25% on Milkmaid of the Milky Way - Soundtrack ,579960
40,FEIST ,327060
41,Fishing Planet ,380600
42,War Thunder ,236390
43,Urban Pirate: The 8-bit Soundtrack ,523910
44,Soviet Monsters: Ekranoplans ,372160
45,Ethereal Legends ,428980
46,Rise: Battle Lines ,386350
47,Go! Go! Nippon! ~My First Trip to Japan~ ,251870
48,Save 30% on Stage of Development: Indie City ,591480
49,Toricky ,477720
50,Age of Empires II HD ,221380
51,RiME ,493200
52,DRAGON BALL XENOVERSE 2 ,454650
53,Mind Unleashed ,450740
54,PULSAR: Lost Colony ,252870
55,AltspaceVRThe Social VR App ,407060
56,FORTIFY ,505040
57,Runbow ,464650
58,Labyrinth ,412310
59,Torch Cave ,501690
60,Sleengster ,559500
61,Rage Parking Simulator 2016 ,449630
62,Squad ,393380
63,Pixvana SPIN Technology Preview ,534690
64,Torch Cave 2 ,533710
65,Skull Rush ,587210
66,Fur Fun ,589370
67,High Fidelity ,390540
68,Syndrome ,409320
69,Clash Cup Turbo ,393280
70,Red Crucible: Firestorm ,298240
71,Mutant Fighting Cup 2 ,561450
72,Grappledrome ,242610
73,Constellation Distantia ,570150
74,Oxygen Not Included ,457140
75,Fernbus Simulator ,427100
76,Thunderbird: The Legend Begins ,355460
77,Rogalia ,528460
78,Cossacks 3 ,333420
79,FEMINAZI: The Triggering ,585550
80,Ashes of the Singularity: Escalation ,507490
81,Super Dungeon Bros ,306000
82,Rust ,252490
83,Save 25% on Milkmaid of the Milky Way - Soundtrack ,579960
84,FEIST ,327060
85,Fishing Planet ,380600
86,War Thunder ,236390
87,Friday the 13th: The Game ,438740
88,Automation - The Car Company Tycoon Game ,293760
89,Tom Clancys The Division ,365590
90,Western 1849 Reloaded ,576980
91,Dead by Daylight ,381210
92,Save 20% on Fantasy Grounds ,252690
93,Golf It! ,571740
94,Awaken ,555970
95,A Gummy's Life ,585190
96,Empyrion - Galactic Survival ,383120
97,The Exiled ,332650
98,Skulls of the Shogun ,228960
99,Raw Data ,436320
100,Space Pilgrim Episode I: Alpha Centauri ,429470
101,Wevr Transport ,450360
102,Day of Infamy ,447820
103,ASTRONEER ,361420
104,Stage Presence ,391640
105,DCS World ,223750
106,Finding Bigfoot ,509980
107,Space Hulk: Deathwing ,298900
108,The Elder Scrolls V: Skyrim ,72850
109,Dead Realm ,352460
110,Copoka ,582620
111,Battlesloths 2025: The Great Pizza Wars ,459350
112,Dropzone ,572520
113,Pre-purchase Sniper Elite 4 ,312660
114,Zombie Ballz ,581970
115,Until I Have You ,439310
116,Shantae: Half-Genie Hero ,253840
117,Tuebor: I Will Defend ,521330
118,Smashbox Arena ,530350
119,Fourtex Jugo ,499560
120,Decksplash ,499470
121,Torment: Tides of Numenera ,272270
122,The Four Kings Casino and Slots ,260430
123,Save 20% on Sid Meiers Civilization VI ,289070
124,Buildanauts ,394490
125,Save 10% on Phoning Home ,431650
126,The Isle ,376210
127,Jack Nicklaus Perfect Golf ,288140
128,The Walking Dead: A New Frontier ,536220
129,N++ (NPLUSPLUS) ,230270
130,Milkmaid of the Milky Way ,544970
131,Milkmaid of the Milky Way ,544970
132,Medieval Engineers ,333950
133,Bloody Boobs ,545250
134,Spiral Knights ,99900
135,Tooth and Tail ,286000
136,8-Bit Armies: Arena ,586040
137,Dirty Bomb - Fire and Light Pack ,492420
138,WWE 2K17 ,510510
139,Pre-purchase Prey ,480490
140,Offworld Trading Company ,271240
141,Intralism ,513510
142,Pit People ,291860
143,Overgrowth ,25000
144,Dirty Bomb - Down and Dirty Starter Pack ,414390
145,Fluffy ,578260
146,Aerofly FS 2 Flight Simulator ,434030
147,A House of Many Doors ,437250
148,Goalie Challenge VR ,588290
149,Galaxy Control: 3D Strategy ,435440
150,ROKH ,462440
151,Domina ,535230
152,Gigachess ,415910
153,Captain Lycop : Invasion of the Heters ,582180
154,Captain Lycop : Invasion of the Heters ,525070
155,Panzer Warfare ,513880
156,Osiris: New Dawn ,402710
157,Save 75% on Why So Evil 2: Dystopia ,354850
158,Why So Evil ,331710
159,They Came From The Moon ,432150
160,/reality ,562280
161,PAYDAY 2: John Wick Heists ,591710
162,GooCubelets: The Void ,505440
163,GooCubelets: The Algoorithm ,431270
164,PAYDAY 2 ,218620
165,GooCubelets: OCD ,460660
166,Save 67% on Aqua Moto Racing Utopia ,468100
167,GooCubelets 2 ,416270
168,GooCubelets ,397620
169,Fiends of Imprisonment ,410590
170,Save 87% on Cyborg Detonator ,462370
171,Save 83% on Brilliant Bob ,368900
172,Break Into Zatwor ,395980
173,Save 87% on Beast Blaster ,447880
174,Absconding Zatwor ,385200
175,Zombie Boom ,516700
176,Marvel Heroes 2016 ,226320
177,Amazing World ,293500
178,Battleborn ,394230
179,Mages of Mystralia ,529660
180,Obduction ,306760
181,Dinosaur Hunt ,401190
182,Deep Rock Galactic ,548430
183,"Warhammer 40,000 : Eternal Crusade ",375230
184,Hive Jump ,295670
185,Dungeon Defenders II ,236110
186,rFactor 2 ,365960
187,Holodrive ,370770
188,Gigachess Demo ,424220
189,Blast-off ,391140
190,Save 40% on Selatria: Advent of the Dakk'rian Empire ,578890
191,Veterans Online ,492840
192,Xbird ,580150
193,Locus Solus ,499320
194,Locus Solus ,496570
195,Alone With You - Official Soundtrack ,583260
196,Operation: New Earth ,528740
197,DYSTORIA ,516580
198,Assetto Corsa ,244210
199,Save 15% on Alone With You ,564940
200,Planet Coaster ,493340
201,Candy Machine ,581980
202,Hidden Folks ,435400
203,Yet Another Zombie Defense ,270550
204,Oozi: Earth Adventure ,257990
205,"I, Zombie ",307230
206,REalM: Walk of Soul ,417020
207,Porno Studio Tycoon ,535490
208,HackyZack ,508530
209,Deus Ex: Mankind Divided ,337000
210,Russian SuperHero Dead Ivan ,527770
211,Save 50% on Darkest Dungeon ,262060
212,State of Mind ,437630
213,AdVenture Communist ,462930
214,War of Rights ,424030
215,Leadwerks Game Launcher ,355500
216,Leadwerks Game Engine ,251810
217,Sumer ,464950
218,HELLION ,588210
219,Skara - The Blade Remains ,274620
220,Save 10% on Transcendence ,364510
221,Pavlov Demo ,557980
222,Battle Chasers: Nightwar ,451020
223,Save 20% on Splasher ,446840
224,Signs of Life ,263200
225,Hob ,404680
226,Battalion 1944 ,489940
227,Totemori ,588180
228,Gooblins ,517620
229,Theme Park Studio ,254590
230,Guild Quest ,547680
231,Premium Pool ,434110
232,Worlds Adrift ,322780
233,5 Minutes Rage ,416700
234,Parkitect ,453090
235,Save 75% on Raining Blobs ,414370
236,Rocketbirds 2 Evolution ,582240
237,Save 75% on Rock 'N' Roll Defense ,438480
238,CS:GO Player Profiles ,585281
239,CS:GO Player Profiles ,585283
240,CS:GO Player Profiles ,585282
241,Galactic Fighters ,513960
242,Battle Islands: Commanders ,445720
243,Hover Skate VR ,566570
244,Save 10% on The Horus Heresy: Battle of Tallarn - Iron Edition ,515980
245,PROTOThYPE ,587070
246,John Wick Chapter 2 ,590780
247,Save 10% on Sunset Rangers ,559340
248,Alien Swarm: Reactive Drop ,563560
249,Save 20% on Fantasy Fairways ,552690
250,LawBreakers ,350280
251,Space Engineers ,244850
252,Balloon Chair Death Match ,498990
253,Save 10% on Xenon Valkyrie ,573780
254,Satellite Command ,514670
255,LEGO Worlds ,332310
256,Portal Knights ,374040
257,Tom Clancy's Rainbow Six Siege ,359550
258,Site Error,459510
259,Stardew Valley ,413150
260,Realpolitiks ,588740
261,John Wick Chronicles ,382360
262,Grim Dawn ,219990
263,From Shadows ,582920
264,Plague Inc: Evolved ,246620
265,Orbiz ,572480
266,Save 10% on Gunmetal Arcadia ,332270
267,Far Beyond: A space odyssey VR ,531050
268,Subnautica ,264710
269,Spellgear ,470040
270,"DvDrum, Ultimate Drum Simulator! ",385130
271,Star Crusade CCG ,415270
272,Arma 3 ,107410
273,Sombrero: Spaghetti Western Mayhem ,472690
274,Climbey ,520010
275,SQUAKE ,526920
276,Schacht ,513300
277,Dirty Bomb ,333930
278,HoCWar (Heroes of Card War) ,512560
279,Zero G Arena ,467820
280,Tormentor X Punisher ,500670
281,Homefront: The Revolution ,223100
282,Bloons TD Battles ,444640
283,Super Spring Ninja ,523230
284,Riders of Icarus ,442080
285,Farming Simulator 17 ,447020
286,Civilization VI - Poland Civilization & Scenario Pack ,512033
287,Gates of Hell ,400750
288,Civilization VI - Vikings Scenario Pack ,512032
289,Grey Phobia ,465050
290,Shaolin vs Wutang ,466110
291,Tyto Online ,544290
292,Socxel | Pixel Soccer ,586190
293,Minos Strategos ,577490
294,Paladins ,444090
295,Burly Men at Sea - Original Soundtrack ,537510
296,Storage Inc 2 ,549390
297,Motorsport Manager ,415200
298,Save 10% on We Are Chicago ,414330
299,ONRAID ,511800
300,My Super Tower 1 ,590450
301,Tracks of Triumph: Industrial Zone ,492240
302,Tracks of Triumph: Good Old Times ,576080
303,The Last Photon ,461570
304,Save 40% on Queen's Quest 2: Stories of Forgotten Past ,558790
305,Save 87% on The First Spark ,488200
306,Tesla's Best Friend ,545950
307,Save 87% on Tracks of Triumph: Summertime ,528210
308,Ride 2 ,477770
309,Z-Exemplar ,434750
310,Save 10% on Styx: Shards of Darkness ,355790
311,Tales of Destruction ,486480
312,Rocket League ,252950
313,Shadow Warrior 2 ,324800
314,DayZ ,221100
315,Naval Action ,311310
316,PAYDAY 2: John Wick Weapon Pack ,545100
317,Crazy Machines 3 ,351920
318,Star Trek: Bridge Crew ,527100
319,In Vitra ,563270
320,Battlezone 98 Redux ,301650
321,FLYING TIGERS: SHADOWS OVER CHINA ,365810
322,Save 10% on Quarantine ,489370
323,Last Wings ,576090
324,Outreach ,501680
325,The Wardrobe ,497730
326,Puzzle Island VR ,571630
327,White Noise 2 ,503350
328,HITMAN ,236870
329,Tyranny ,362960
330,The Golf Club VR ,489600
331,MX Nitro ,488690
332,MapleStory ,216150
333,Dodge Master ,567430
334,Rock God Tycoon ,410840
335,Take On Mars ,244030
336,SCALPERS: Turtle & the Moonshine Gang ,577280
337,The Big Elk ,449440
338,Affected Zone Tactics ,386640
339,The Challenge ,496440
340,FSX Steam Edition: Toposim Canada Add-On ,556219
341,theHunter ,253710
342,Train Simulator ,24010
343,VERSUS SQUAD ,471330
344,Holy Potatoes! Were in Space?! ,505730
345,American Truck Simulator ,270880
346,Project CARS 2 ,378860
347,Economic Conquest ,576320
348,DARIUSBURST Chronicle Saviours - Side Arms Hyper Dyne ,572380
349,DARIUSBURST Chronicle Saviours - Varth: Operation Thunderstorm ,572381
350,Dark Egypt ,555920
351,Wild Terra Online ,500710
352,Spellsworn ,360620
353,Battlerite ,504370
354,Insurgency ,222880
355,7 Days to Die ,251570
356,Camtasia - Subscription ,253050
357,Broken Sword 5 - the Serpent's Curse ,262940
358,DARIUSBURST Chronicle Saviours - Progear ,572382
359,Nine Parchments ,471550
360,Drifting Lands ,322750
361,Drifting Lands ,327240
362,Divinity: Original Sin 2 ,435150
363,Fable Fortune ,469830
364,Save 15% on Bulletstorm: Full Clip Edition ,501590
365,Offworld Trading Company - Blue Chip Ventures DLC ,553160
366,Conan Exiles ,440900
367,Echo of Soul ,290140
368,Blood Feed ,575950
369,X3: Albion Prelude ,201310
370,X3: Terran Conflict ,2820
371,Zombie Exodus: Safe Haven ,543980
372,Spellweaver ,429680
373,Legend of Merchant ,543140
374,Rogue Operatives ,393790
375,Race Online ,355010
376,Hegemony III: Clash of the Ancients ,308173
377,Downward ,506900
378,Mafia III ,360430
379,3D Arcade Fishing ,534910
380,Ghost in the Shell: Stand Alone Complex - First Assault Online ,369200
381,Worms W.M.D ,327030
382,Age of Cavemen ,454600
383,Age of Cavemen ,454600
384,Stories Untold ,558420
385,Racket: Nx ,428080
386,Midas Gold Plus ,557400
387,Save 10% on Boogeyman 2 ,567130
388,Revolve ,412760
389,Monster Puzzle ,493700
390,Save 5% on Husk ,553960
391,Laraan ,493710
392,Save 40% on Hell`s Little Story ,586530
393,Bitku ,401800
394,Scrap Mechanic ,387990
395,Dota 2 ,570
396,GROOVY ,372490
397,Deus Ex: Breach ,555450
398,Primal Carnage: Onslaught ,538790
399,BasementVR ,561390
400,Team Racing League ,504460
401,Star Conflict ,212070
402,Fear Effect Sedna ,546900
403,Dig or Die ,315460
404,Robocraft ,301520
405,CLASH ,416040
406,Warbands: Bushido ,556820
407,We Are The Dwarves ,395570
408,Cublast HD ,580590
409,Northgard ,466560
410,Football Manager 2017 ,482730
411,Save 50% on Batman - The Telltale Series ,498240
412,Moving Hazard ,334670
413,PlanetSide 2 ,218230
414,MinosMaze - The Minotaur's Labyrinth ,521100
415,Site Error,570626
416,Snake Pass ,544330
417,Save 20% on Minimalism ,585690
418,Train Simulator: West Coast Main Line Over Shap Route Add-On ,222613
419,VEGA Conflict ,339600
420,Train Simulator: US Loco & Asset Pack ,208306
421,Mainlining ,454950
422,Save 50% on Train Simulator: Union Pacific SD70Ace Loco Add-On ,208362
423,Train Simulator: Union Pacific GP50 Loco Add-On ,222634
424,Life is Feudal: Forest Village ,496460
425,Pre-purchase Little Nightmares ,424840
426,Train Mechanic Simulator 2017 ,538810
427,Riff Racer - Race Your Music! ,351990
428,Train Simulator: The Riviera Line: Exeter-Paignton Route Add-On ,222632
429,Warhammer: End Times - Vermintide ,235540
430,Badass Hero ,465200
431,The Holiday Express ,222621
432,Save 75% on Cities: Skylines ,255710
433,Skullgirls ,245170
434,Garry's Mod ,4000
435,Train Simulator: Southern Pacific Cab Forward Loco Add-On ,208292
436,"Creature Clicker - Capture, Train, Ascend! ",529240
437,Train Simulator: Settle to Carlisle Route Add-on ,65255
438,Save 15% on Shiness: The Lightning Kingdom ,366640
439,Train Simulator: Settle Carlisle Specials Add-On ,65258
440,F1 2016 ,391040
441,BUTCHER ,474210
442,Train Simulator: Southern Pacific SD70M Loco Add-On ,222604
443,Clouds & Sheep 2 ,439800
444,Starship Survivor ,560010
445,ARK: Survival Evolved ,346110
446,War for the Overworld ,230190
447,Battle Brothers ,365360
448,Save 50% on Train Simulator: SD40-2 Independence Loco Add-On ,222589
449,Rogue Stormers ,299480
450,Train Simulator: ScotRail Class 380 EMU Add-On ,208353
451,Save 20% on Peak Angle: Drift Online ,547410
452,A Normal Lost Phone - Official Soundtrack ,580700
453,Train Simulator: Ruhr-Sieg Route Add-On ,208304
454,Blood Bowl 2 ,236690
455,FOR HONOR BETA ,572600
456,SparkDimension ,477140
457,Total War: WARHAMMER ,364360
458,Gun Bombers ,416180
459,Save 70% on How to Survive 2 ,360170
460,The Shape Of Heart ,511090
461,Save 15% on Vikings - Wolves of Midgard ,404590
462,Midvinter ,452120
463,Medieval Engineers - Deluxe ,346360
464,MyWorld ,492150
465,Train Simulator: PRR Alco RS11 Loco Add-On ,222574
466,sZone-Online ,316390
467,Train Simulator: Ohio Steel 2 Route Add-On ,65243
468,Gravity Sketch VR ,551370
469,Madness Cubed ,453270
470,RUNNING WITH RIFLES ,270150
471,Maya LT (with Stingray) ,243580
472,Save 35% on Greyhound Manager 2 Rebooted ,586460
473,Gang Beasts ,285900
474,Little Triangle ,575050
475,Save 10% on EZRA: The Stranger ,587010
476,Pre-purchase FOR HONOR ,304390
477,EXIT ,535000
478,Dark Throne ,587490
479,Emporea: Realms of War and Magic ,416450
480,Slash It 2 ,583760
481,Adventures On The Polluted Islands ,496690
482,Rocketbirds 2 Evolution ,470210
483,Heroes of Havoc: Idle Adventures ,251450
484,Galactic Junk League ,562590
485,Patchwork ,528250
486,Save 20% on Brut@l ,489260
487,Army Gals ,420980
488,Save 20% on Brut@l ,489260
489,Army Gals ,420980
490,Train Simulator: Norfolk Southern SD40-2 High Nose Loco Add-On ,208354
491,Grand Theft Auto V ,271590
492,Box Maze ,512020
493,Detention ,555220
494,Save 50% on Train Simulator: Norfolk Southern Heritage SD70ACes Loco Add-On ,222543
495,Prominence Poker ,384180
496,Save 50% on Train Simulator: Norfolk Southern Heritage ES44ACs Loco Add-On ,222542
497,OBCIDIAN LEGACY ,568190
498,Train Simulator: Norfolk Southern GP38-2 High Hood Loco Add-On ,258666
499,Save 15% on Sudden Strike 4 ,373930
500,Unhappy Ever After: Blood Tales ,591030
501,Save 50% on Train Simulator: Norfolk Southern Dash8-40C Loco Add-On ,277732
502,Don't Starve ,219740
503,Save 8% on SpaceJourney VR ,574920
504,Train Simulator: Norfolk Southern SD40-2 High Nose Long Hood Forward Loco Add-On ,277737
505,Save 50% on Train Simulator: NKP S-2 Class 'Berkshire' Loco Add-On ,208348
506,Guns of Icarus Online ,209080
507,Train Simulator: Network Southeast Class 47 Loco Add-On ,24075
508,Train Simulator: Munich - Garmisch-Partenkirchen Route Add-On ,258652
509,Elite Dangerous ,359320
510,TASTEE: Lethal Tactics ,365190
511,Train Simulator: MRCE ES 64 U2 'Taurus' Loco Add-On ,222608
512,Horror Hospital ,576440
513,DiRT 4 ,421020
514,Save 50% on Train Simulator: MRCE ER20 Eurorunner Loco Add-On ,222601
515,Train Simulator: Metro-North P32 AC-DM 'Genesis' Loco Add-On ,258655
516,forma.8 ,510240
517,Beats Fever ,566780
518,Train Simulator: Metro-North Kawasaki M8 EMU Add-On ,258647
519,Sky Sanctuary ,526130
520,Train Simulator: Metronom ME 146 Loco Add-On ,222591
521,Don't Starve Together ,322330
522,SMILE GAME BUILDER ,483950
523,Train Simulator: Liverpool-Manchester Route Add-On ,258653
524,Youtubers Life ,428690
525,Off-Road Paradise: Trial 4x4 ,556230
526,Train Simulator: KwaZulu-Natal Corridor: Pietermaritzburg-Ladysmith Add-On ,222622
527,Save 50% on Train Simulator: InterCity Class 91 Loco Add-On ,222625
528,Train Simulator: Green & Gold HST DMU Add-On ,24082
529,Tricky Towers - Candy Bricks ,570361
530,Super Blackjack Battle 2 Turbo Edition - The Card Warriors ,545200
531,Tricky Towers ,437920
532,Save 10% on Lamm ,586340
533,Train Simulator: Great Northern F7 Empire Builder Loco Add-On ,222590
534,3D Sprite Renderer ,468900
535,Zero Escape: The Nonary Games ,477740
536,Train Simulator: Glasgow Airport Rail Link Route Add-On ,24065
537,Train Simulator: Fort Kent to Eagle Lake Route Add-On ,24055
538,Train Simulator: First Capital Connect Class 321 EMU Add-On ,222623
539,Dungeon Manager ZV 2 - Expansion Pack ,584060
540,Afghanistan '11 ,580710
541,Train Simulator: EWS & Freightliner Class 08s Loco Add-On ,222578
542,Train Simulator: EWS Class 92 Loco Add-On ,222607
543,Worlds ,304850
544,Ancient Guardian ,557580
545,Dungeon Manager ZV 2 ,581210
546,Train Simulator: E18 Loco Add-On ,65254
547,Train Simulator: Doncaster Works Route Add-On ,24095
548,Train Simulator: DB ICE 1 EMU Add-On ,208377
549,Crossout ,386180
550,FSX Steam Edition: Cessna C172N Skyhawk II Add-On ,500234
551,Train Simulator: DB BR423 EMU Add-On ,222580
552,Train Simulator: Colton & Northern Route Add-On ,24029
553,RPG Maker MV ,363890
554,Train Simulator: Class 390 EMU Add-On ,208343
555,Shock Tactics ,473610
556,Train Simulator: Class 156 Loco Add-On ,65217
557,Expeditions: Viking ,445190
558,Train Simulator: Canadian Mountain Passes: Revelstoke-Lake Louise ,222582
559,Unhappy Ever After ,552350
560,FortressCraft Evolved! ,254200
561,Train Simulator: Bristol-Exeter Route Add-On ,65224
562,Save 50% on Train Simulator: BR Class 422 4BIG EMU Add-On ,222547
563,Train Simulator: BR Class 27 Loco Add-On ,258661
564,Earth Liberation ,563490
565,Depths of Limbo ,568400
566,Train Simulator: Boston & Maine GE 44 Loco Add-On ,222548
567,Robinson: The Journey ,579820
568,Train Simulator: Amtrak F40PH California Zephyr Loco Add-On ,208296
569,Straimium Immortaly ,515650
570,Dragon Blood ,562840
571,theHunter: Call of the Wild ,518790
572,Infinite Minigolf ,446550
573,Peak Angle: Drift Online - Germany Cars Pack ,591900
574,Peak Angle: Drift Online - American Cars Pack ,591890
575,Save 25% on Dream Car Racing 3D ,488550
576,Peak Angle: Drift Online - Japan Cars Pack ,591880
577,"Invisible, Inc. ",243970
578,Viscera Cleanup Detail ,246900
579,Save 15% on Sky Climbers ,583750
580,"Warhammer 40,000: Space Wolf ",553210
581,Wayward ,379210
582,Site Error,261430
583,"Gremlins, Inc. ",369990
584,Voodoo ,467570
585,Skylar & Plux: Adventure On Clover Island ,452540
586,Crusader Kings II ,203770
587,Warhammer: Vermintide VR - Hero Trials ,410390
588,Tactical Intervention ,51100
589,Save 20% on Kult of Ktulu: Olympic ,586230
590,Danger Room ,552340
591,The Wild Eight ,526160
592,Serious Sam VR: The First Encounter ,552450
593,Tabletopia ,402560
594,Soul Searching ,586240
595,When Our Journey Ends - A Visual Novel ,563520
596,Soldier Sortie :VR Agent 006 ,552300
597,Save 20% on We Need to Go Deeper ,307110
598,Surgeon Simulator: Experience Reality ,518920
599,Retro Pinball ,581590
600,Crypt of the NecroDancer ,247080
601,Peak Angle: Drift Online - Russian Cars Pack ,591070
602,We Happy Few ,320240
603,Save 30% on Tales of Legends ,578440
604,A Demon's Game - Episode 1 ,569430
605,DESYNC ,390030
606,LoveBeat ,354290
607,DYE ,503550
608,Pyro VR ,586360
609,Operation Abyss: New Tokyo Legacy ,541450
610,Dark and Light ,529180
611,Zone4 ,518660
612,Wanderer: The Rebirth ,568250
613,Death Squared ,471810
614,4x4 Road Race ,587770
615,Life of Rome ,381620
616,Beach Ball Valley ,454830
617,Corona Blossom Vol.3 Journey to the Stars ,562480
618,8-Bit Commando ,456000
619,Ticket to Ride ,108200
620,ARK Park ,529910
621,8-Bit Commando ,287860
622,Evertree Inn ,565990
623,Mall Empire ,592340
624,Caladrius Blaze ,386770
625,Evertree Inn ,565980
626,RWBY: Grimm Eclipse ,418340
627,Save 50% on ROMANCE OF THE THREE KINGDOMS XIII / 13 ,363150
628,The Binding of Isaac: Rebirth ,250900
629,Tales of Berseria ,429660
630,Pre-purchase Yooka-Laylee ,360830
631,Owlboy ,115800
632,Wizard King ,577560
633,VRChat ,438100
634,Atari Vault ,400020
635,Stonehenge VR ,457650
636,Snailiens ,559280
637,Snailiens ,559280
638,Mobile Astro ,568210
639,Dimensional Rift ,580630
640,Save 30% on Blue Effect VR ,522020
641,MonkeyKing VR ,580540
642,LONE WOLF: Horizon ,429020
643,Spooky's Jump Scare Mansion: HD Renovation ,577690
644,Einlanzer ,553760
645,Heroes & Generals ,227940
646,Call of Duty: Infinite Warfare ,292730
647,Skyling: Garden Defense ,577160
648,Crush Crush ,459820
649,Double Dragon IV ,528610
650,Lobotomy Corporation | Monster Management Simulation ,568220
651,Hate Free Heroes ,514540
652,The Crew ,241560
653,Evangeline ,470170
654,The Moonstone Equation ,589100
655,Switch ,506090
656,Badiya ,545050
657,9Dragons ,390100
658,Save 50% on GRAV ,332500
659,Warfare Online ,468250
660,SECLUSION ,578740
661,SportsBar VR ,269170
662,Tavern Tycoon - Dragon's Hangover ,439340
663,SWORDY ,467900
664,LOR - League of Runners ,587390
665,Putty Pals ,489110
666,Synergy ,17520
667,ToeJam & Earl: Back in the Groove ,516110
668,Fragmental ,424040
669,A Rose in the Twilight ,548840
670,CounterAttack ,451600
671,Brawlout ,263720
672,Games of Glory ,342150
673,Are You Ready? ,553180
674,Google Earth VR ,348250
675,Diamond ,346390
676,Rivals of Aether ,383980
677,Aleph Null ,511420
678,Duelyst ,291410
679,Save 33% on Miscreated ,299740
680,Man O' War: Corsair - Warhammer Naval Battles ,344240
681,Block King ,535330
682,Streets of Fury EX ,350910
683,Substance Designer 5 Indie ,330160
684,Save 25% on Containment Initiative ,527700
685,Beyond the City VR ,585310
686,RESIDENT EVIL 7 biohazard / BIOHAZARD 7 resident evil ,418370
687,Armello ,290340
688,STAR WARS SHADOWS OF THE EMPIRE ,560170
689,Vilmonic ,458330
690,Visual Novel Maker ,495480
691,The Banner Saga ,237990
692,Shadowverse CCG ,453480
693,PRO EVOLUTION SOCCER 2017 TRIAL EDITION ,541180
694,Pro Evolution Soccer 2017 ,456610
695,Save 10% on Knot ,575990
696,Metal Carnage ,566840
697,Bedfellows FRENZY ,574790
698,Shadows of Adam ,506510
699,BallisticNG ,473770
700,Metal Carnage ,512200
701,QuiVr ,489380
702,Secret Ponchos ,265750
703,Bedfellows FRENZY ,545430
704,Subsiege ,338640
705,Hollow Knight ,367520
706,H1Z1: King of the Kill ,433850
707,Slime Rancher ,433340
708,Universe Sandbox  ,230290
709,Rest House ,582290
710,Rogues Like Us ,492410
711,Survive Me Miolhr ,418430
712,Nights of Azure ,527280
713,Redactem ,515280
714,Curvatron ,404700
715,Redactem ,502400
716,Atelier Sophie: The Alchemist of the Mysterious Book ,527270
717,Pinball Arcade ,238260
718,Galactic Core: The Lost Fleet ,571860
719,Disgaea 2 PC ,527090
720,Tilt Brush ,327140
721,Disgaea 2 PC ,495280
722,H1Z1: King of the Kill Test Server ,439700
723,Rock-N-Rogue: A Boo Bunny Plague Adventure ,439530
724,The Other 99 ,415010
725,Shadows ,563380
726,Blasters of the Universe ,490490
727,Stellar Tactics ,465490
728,Astral Terra ,266190
729,Save 40% on Civil War: Battle of Petersburg ,584800
730,B-17 Flying Fortress: The Mighty 8th ,328900
731,Animal Lover ,542200
732,FormulaNext ,571080
733,Mech Marines: Steel March ,335940
734,LightStrike ,579130
735,Street Warriors Online ,417910
736,FreeHolder ,463800
737,Cards and Castles ,360730
738,The Last Leviathan - Name a Port In-Game Upgrade ,585471
739,Depth ,274940
740,Substance Painter 2 ,454510
741,Winds Of Trade ,576260
742,Save 40% on MiniBotz - SoundTrack ,590500
743,The Brookhaven Experiment ,440630
744,Mercenary Kings ,218820
745,It Lurks in the Woods ,589620
746,Infested Planet ,204530
747,I Am Road Comic ,578130
748,STARDROP ,552880
749,Gladiator: Sword of Vengeance ,577580
750,EmergeNYC ,461430
751,Brawlhalla ,291550
752,It Lurks in the Woods ,590882
753,It Lurks in the Woods ,590883
754,It Lurks in the Woods ,590884
755,Save 10% on PowersVR ,589250
756,Gunman Taco Truck ,586310
757,It Lurks in the Woods ,590880
758,It Lurks in the Woods ,590881
759,Z. Year One ,430930
760,Diesel Power ,578190
761,Life Goes On: Done to Death ,250050
762,TrickStyle ,588490
763,Beeftacular ,491620
764,Beeftacular ,491620
765,H1Z1: Just Survive - Atlas Cosmetic Skin Pack ,565621
766,H1Z1: Just Survive - Manitoba Cosmetic Skin Pack ,565620
767,H1Z1: Just Survive - Whiptail Cosmetic Skin Pack ,565622
768,H1Z1: Just Survive - FREE Alpaca Backpack ,568110
769,Save 40% on The Elder Scrolls Online: Tamriel Unlimited ,306130
770,Age of Empires II HD: The Forgotten ,239550
771,Candle ,420060
772,Ricks Hunter ,569290
773,Rec Room ,471710
774,Darwin's Demons ,572020
775,Shrouded in Sanity ,444590
776,Project Highrise ,423580
777,Narcosis ,366870
778,Save 80% on Lithium: Inmate 39 ,463470
779,Lightspeed Frontier ,548650
780,Agents of Mayhem ,304530
781,Basketball Girls ,467680
782,Sentinels of the Multiverse ,337150
783,Bad Pad Demo ,565420
784,Leaving Lyndow Original Soundtrack ,587660
785,Ashes of the Singularity ,228880
786,SoulHunt ,500420
787,Guts and Glory ,537340
788,Leaving Lyndow ,585840
789,Indie Game Battle ,407620
790,Ryzom ,373720
791,Red Barton and The Sky Pirates ,540590
792,Save 10% on Bleed 2 ,396350
793,Ultimate General: Civil War ,502520
794,BeamNG.drive ,284160
795,Enter the Gungeon ,311690
796,MasterpieceVR ,504650
797,Circles ,460250
798,Snapshot - DSLR Camera Control ,388280
799,The Barbarian and the Subterranean Caves ,490690
800,MAXCONTROL ,508460
801,BioShock 2 Remastered ,409720
802,fault - milestone one ,286260
803,Alpacapaca Dash ,579230
804,The Wild Eight  Soundtrack ,590360
805,Break Time! ,578470
806,Brawl of Ages ,529840
807,Cabals: Card Blitz ,562540
808,bob's game ,529720
809,Iliza Shlesinger: War Paint ,591150
810,Super Dungeon Tactics ,463160
811,BOOR ,450170
812,Doug Stanhope: Beer Hall Putsch ,590740
813,Heroes of Shadow Guard ,438720
814,Treehouse Basketball ,568600
815,Killing Floor 2 ,232090
816,SONAR Steam Editions ,380080
817,Ra ,562460
818,Starfighter Origins ,564950
819,Organ Quarter Pre-Alpha Demo ,544510
820,RollerCoaster Tycoon World ,282560
821,The Royals ,565938
822,Bear With Me - Episode Two ,583140
823,Lara Croft GO ,540840
824,Cosmic Trip ,427240
825,Save 40% on Archery Practice VR ,587830
826,Witch Hunt ,559650
827,Natural Selection 2 ,4920
828,Eternal Card Game ,531640
829,The Culling ,437220
830,Bad Dream: Coma ,538070
831,Techwars Online 2 ,523740
832,Rise of Nations: Extended Edition ,287450
833,SMITE - 2017 Spring Split Season Ticket + Bonus FP ,588270
834,Legions of Tyrandel ,537020
835,Blackwood Crossing ,453310
836,WolfQuest ,431180
837,EDEN STAR ,259570
838,Invisigun Heroes ,375750
839,WWE 2K17 - MyPlayer Kick Start ,570160
840,WWE 2K17 - Accelerator ,570170
841,WWE 2K17 - NXT Enhancement Pack ,570180
842,WWE 2K17 - Legends Pack ,570181
843,WWE 2K17 - New Moves Pack ,570190
844,WWE 2K17 - Future Stars Pack ,570200
845,On The Path - Soundtrack ,564870
846,"Save 40% on On The Path - The Thoughts , Generated by Trifles ",566300
847,On The Path - Guide to Gameplay ,565400
848,On The Path ,555430
849,Save 50% on Okhlos: Omega ,400180
850,Call of Duty: Black Ops III ,311210
851,Rogue Singularity ,419710
852,Locomancer ,522600
853,King Kaiju ,556340
854,Days of War ,454350
855,Save 25% on LogicBots ,290020
856,Idioctopus ,571330
857,Future Unfolding ,539340
858,Binary Trigger ,570600
859,Locomancer ,490250
860,Save 50% on GameGuru ,266310
861,MiniBotz ,508520
862,Crimsonland ,262830
863,Nash Racing ,581200
864,The Forest ,242760
865,Waves ,107600
866,The Living Dungeon ,362290
867,10 Second Ninja X ,435790
868,Galactic Civilizations III ,226860
869,Hearts of Iron IV ,394360
870,StarBreak ,420790
871,Tomorrow ,405480
872,Witches' Legacy: Slumbering Darkness Collector's Edition ,586710
873,Awesomenauts ,204300
874,Wacky Wings ,585530
875,Along the Edge ,504390
876,Has-Been Heroes ,492290
877,Waves 2 ,217120
878,Rollout ,509190
879,On A Roll 3D ,341090
880,Radial-G : Racing Revolved ,330770
881,Soldiers: Arena ,421010
882,Henry The Hamster Handler ,566880
883,Holodance ,422860
884,Toribash ,248570
885,Echoes of the Fey Episode 0: The Immolation ,585990
886,Save 10% on VRemin (A Virtual Theremin) ,582210
887,KUBOOM ,513000
888,Hired Ops ,374280
889,The Sexy Brutale ,552590
890,Neon Chrome ,428750
891,Celestial Breach ,547970
892,Celestial Breach ,547970
893,Energy Invasion ,513600
894,Edna & Harvey: The Breakout ,255320
895,The Panic Room ,436160
896,Lazarus ,510190
897,A Normal Lost Phone ,523210
898,Battle Islands ,305260
899,Interstellar Rift ,363360
900,Gary Grigsby's War in the East ,370540
901,Save 40% on Machine Hunt ,546930
902,Regalia: Of Men and Monarchs ,464150
903,Blitzkrieg 3 ,235380
904,Ellipsis ,514620
905,Randal's Monday ,314810
906,Last Answer ,569760
907,Aragami ,280160
908,Anyland ,505700
909,ComPet ,532800
910,Riding Club Championships ,509420
911,Zanzarah: The Hidden Portal ,384570
912,Save 25% on Stable Orbit ,481190
913,Ninja Stealth 2 ,585830
914,Train Simulator: Clear Creek Log & Lumber Expansion Pack Add-On ,376972
915,Verdun ,242860
916,Overkill VR: Action Shooter FPS ,518720
917,NARUTO SHIPPUDEN: Ultimate Ninja STORM 3 Full Burst ,234670
918,Save 50% on Sorcerer King: Rivals ,496730
919,Altitude0: Lower & Faster ,308080
920,Starpoint Gemini Warlords ,419480
921,The Ship: Remasted ,383790
922,HEPH ,567480
923,FourChords Guitar Karaoke ,476930
924,Darksiders Warmastered Edition ,462780
925,Quote ,432890
926,Protonwar ,461410
927,Aim Hero ,518030
928,vRhythm ,526440
929,vRhythm ,556170
930,OneShot ,420530
931,OneShot OST ,571210
932,Odesi Music Composition ,260990
933,Urban Empire ,352550
934,Soul Saber 2 ,581230
